A_bal,D_cred,P_st_cred,Cred_am,Val_sa_st,Len_emp,Ins_perc ,D_addr,Age,Class*
2,6,1,1169,1,5,4,4,67,1
3,48,2,5951,2,3,2,2,22,2
1,12,1,2096,2,4,2,3,49,1
2,42,2,7882,2,4,2,4,45,1
2,24,0,4870,2,3,3,4,53,2
1,36,2,9055,1,3,2,4,35,1
1,24,2,2835,4,5,3,4,53,1
3,36,2,6948,2,3,2,2,35,1
1,12,2,3059,5,4,2,4,61,1
3,30,1,5234,2,1,4,2,28,2
3,12,2,1295,2,2,3,1,25,2
2,48,2,4308,2,2,3,4,24,2
3,12,2,1567,2,3,1,1,22,1
2,24,1,1199,2,5,4,4,60,2
2,15,2,1403,2,3,2,4,28,1
2,24,2,1282,3,3,4,2,32,2
1,24,1,2424,1,5,4,4,53,1
2,30,4,8072,1,2,2,3,25,1
3,24,2,12579,2,5,4,2,44,2
1,24,2,3430,4,5,3,2,31,1
1,9,1,2134,2,3,4,4,48,1
2,6,2,2647,4,3,2,3,44,1
2,10,1,2241,2,2,1,3,48,1
3,12,1,1804,3,2,3,4,44,1
1,10,1,2069,1,3,2,1,26,1
2,6,2,1374,2,3,1,2,36,1
1,6,4,426,2,5,4,4,39,1
4,12,3,409,5,3,3,3,42,1
3,7,2,2415,2,3,3,2,34,1
2,60,0,6836,2,5,3,4,63,2
3,18,2,1913,5,2,3,3,36,1
2,24,2,4020,2,3,2,2,27,1
3,18,2,5866,3,3,2,2,30,1
1,12,1,1264,1,5,4,4,57,1
4,12,2,1474,2,2,4,1,33,1
3,45,1,4746,2,2,4,2,25,2
1,48,1,6110,2,3,1,3,31,1
4,18,2,2100,2,3,4,2,37,2
4,10,2,1225,2,3,2,2,37,1
3,9,2,458,2,3,4,3,24,1
1,30,2,2333,4,5,4,2,30,1
3,12,2,1158,4,3,3,1,26,1
3,18,0,6204,2,3,2,4,44,1
2,30,1,6187,3,4,1,4,24,1
2,48,1,6143,2,5,4,4,58,2
1,11,1,1393,2,2,4,4,35,1
1,36,2,2299,4,5,4,4,39,1
2,6,2,1352,4,1,1,2,23,1
1,11,1,7228,2,3,1,4,39,1
1,12,2,2073,3,3,4,2,28,1
3,24,0,2333,1,2,4,2,29,1
3,27,0,5965,2,5,1,2,30,1
1,12,2,1262,2,3,3,2,25,1
1,18,2,3378,1,3,2,1,31,1
3,36,0,2225,2,5,4,4,57,2
1,6,3,783,1,3,1,2,26,1
3,12,2,6468,1,1,2,1,52,2
1,36,1,9566,2,3,2,2,31,1
4,18,2,1961,2,5,3,2,23,1
2,36,1,6229,2,2,4,4,23,2
3,9,2,1391,2,3,2,1,27,1
3,15,1,1537,1,5,4,4,50,1
3,36,4,1953,2,5,4,4,61,2
3,48,4,14421,2,3,2,2,25,2
1,24,2,3181,2,2,4,4,26,1
1,27,2,5190,1,5,4,4,48,1
1,12,2,2171,2,2,2,2,29,1
3,12,2,1007,5,3,4,1,22,1
1,36,2,1819,2,3,4,4,37,2
1,36,2,2394,1,3,4,4,25,1
1,36,2,8133,2,3,1,2,30,1
1,7,1,730,1,5,4,2,46,1
2,8,1,1164,2,5,3,4,51,1
3,42,1,5954,2,4,2,1,41,1
2,36,2,1977,1,5,4,4,40,2
2,12,1,1526,2,5,4,4,66,1
2,42,2,3965,2,2,4,3,34,2
3,11,0,4771,2,4,2,4,51,1
1,54,4,9436,1,3,2,2,39,1
3,30,2,3832,2,2,2,1,22,1
1,24,2,5943,1,2,1,1,44,2
1,15,2,1213,4,5,4,3,47,1
1,18,2,1568,3,3,3,4,24,1
2,24,2,1755,2,5,4,4,58,1
2,10,2,2315,2,5,3,4,52,1
1,12,1,1412,2,3,4,2,29,1
3,18,1,1295,2,2,4,1,27,1
3,36,2,12612,3,3,1,4,47,2
2,18,2,2249,3,4,4,3,30,1
2,12,4,1108,2,4,4,3,28,2
1,12,1,618,2,5,4,4,56,1
2,12,1,1409,2,5,4,3,54,1
1,12,1,797,1,5,4,3,33,2
4,24,1,3617,1,5,4,4,20,1
3,12,2,1318,5,5,4,4,54,1
3,54,4,15945,2,2,3,4,58,2
1,12,1,2012,1,4,4,2,61,1
3,18,2,2622,3,3,4,4,34,1
3,36,1,2337,2,5,4,4,36,1
3,20,0,7057,1,4,3,4,36,1
1,24,2,1469,3,5,4,4,41,1
3,36,2,2323,2,4,4,4,24,1
1,6,0,932,2,3,3,2,24,1
3,9,1,1919,2,4,4,3,35,1
1,12,2,2445,1,2,2,4,26,1
3,24,1,11938,2,3,2,3,39,2
1,18,3,6458,2,5,2,4,39,2
3,12,2,6078,2,4,2,2,32,1
2,24,2,7721,1,2,1,2,30,1
3,14,2,1410,4,5,1,2,35,1
3,6,0,1449,3,5,1,2,31,1
4,15,2,392,2,2,4,4,23,1
3,18,2,6260,2,4,3,3,28,1
1,36,1,7855,2,3,4,2,25,2
2,12,2,1680,4,5,3,1,35,1
1,48,1,3578,1,5,4,1,47,1
2,42,2,7174,1,4,4,3,30,2
2,10,1,2132,1,2,2,3,27,1
2,33,1,4281,4,3,1,4,23,2
3,12,1,2366,4,4,3,3,36,1
2,21,2,1835,2,3,3,2,25,2
1,24,1,3868,2,5,4,2,41,1
1,12,2,1768,2,3,3,2,24,1
4,10,1,781,2,5,4,4,63,1
3,18,2,1924,1,2,4,3,27,2
2,12,1,2121,2,3,4,2,30,1
2,12,2,701,2,3,4,2,40,1
3,12,2,639,2,3,4,2,30,2
3,12,1,1860,2,1,4,2,34,1
2,12,1,3499,2,3,3,2,29,2
3,48,2,8487,1,4,1,2,24,1
2,36,0,6887,2,3,4,3,29,2
1,15,2,2708,2,2,2,3,27,1
1,18,2,1984,2,3,4,4,47,1
1,60,2,10144,3,4,2,4,21,1
1,12,1,1240,1,5,4,2,38,1
1,27,0,8613,5,3,2,2,27,1
3,12,2,766,4,3,4,3,66,2
3,15,1,2728,1,4,4,2,35,1
4,12,2,1881,2,3,2,2,44,1
4,6,2,709,5,2,2,2,27,1
3,36,2,4795,2,2,4,1,30,1
2,27,2,3416,2,3,3,2,27,1
2,18,2,2462,2,3,2,2,22,2
1,21,1,2288,2,2,4,4,23,1
3,48,3,3566,3,4,4,2,30,1
2,6,1,860,2,5,1,4,39,1
1,12,1,682,3,4,4,3,51,1
2,36,1,5371,2,3,3,2,28,1
1,18,1,1582,5,5,4,4,46,1
1,6,2,1346,3,5,2,4,42,1
1,10,2,1924,2,3,1,4,38,1
4,36,2,5848,2,3,4,1,24,1
3,24,1,7758,5,5,2,4,29,1
3,24,0,6967,3,4,4,4,36,1
2,12,2,1282,2,3,2,4,20,2
2,9,1,1288,3,5,3,4,48,1
2,12,3,339,2,5,4,1,45,1
3,24,2,3512,3,4,2,3,38,1
1,6,1,1898,1,3,1,2,34,1
1,24,1,2872,3,5,3,4,36,1
1,18,1,1055,2,2,4,1,30,1
1,15,2,1262,4,4,4,3,36,1
3,10,2,7308,2,1,2,4,70,1
1,36,2,909,4,5,4,4,36,1
1,6,2,2978,4,3,1,2,32,1
2,18,2,1131,2,1,4,2,33,2
3,11,2,1577,5,2,4,1,20,1
1,24,2,3972,2,4,2,4,25,1
3,24,1,1935,2,5,4,4,31,2
2,15,4,950,2,5,4,3,33,2
1,12,2,763,2,3,4,1,26,1
3,24,0,2064,2,1,3,2,34,2
3,8,2,1414,2,3,4,2,33,1
2,21,0,3414,2,2,2,1,26,2
1,30,3,7485,1,1,4,1,53,2
2,12,2,2577,2,3,2,1,42,1
2,6,1,338,4,5,4,4,52,1
1,12,2,1963,2,4,4,2,31,1
2,21,1,571,2,5,4,4,65,1
1,36,0,9572,2,2,1,1,28,2
3,36,0,4455,2,3,2,2,30,2
2,21,3,1647,1,3,4,2,40,2
1,24,1,3777,5,3,4,4,50,1
3,18,1,884,2,5,4,4,36,2
1,15,1,1360,2,3,4,2,31,1
3,9,3,5129,2,5,2,4,74,2
3,16,1,1175,2,1,2,3,68,1
2,12,2,674,3,4,4,1,20,2
3,18,4,3244,2,3,1,4,33,1
1,24,2,4591,5,3,2,3,54,2
3,48,4,3844,3,4,4,4,34,2
3,27,2,3915,2,3,4,2,36,2
1,6,2,2108,2,4,2,2,29,1
3,45,2,3031,3,3,4,4,21,2
3,9,1,1501,2,5,2,3,34,2
1,6,1,1382,2,3,1,1,28,1
3,12,2,951,3,2,4,4,27,2
3,24,2,2760,1,5,4,4,36,1
3,18,0,4297,2,5,4,3,40,2
1,9,1,936,4,5,4,2,52,1
2,12,2,1168,2,3,4,3,27,1
1,27,0,5117,2,4,3,4,26,1
2,12,2,902,2,4,4,4,21,2
1,12,1,1495,2,5,4,1,38,1
2,30,1,10623,2,5,3,4,38,1
1,12,1,1935,2,5,4,4,43,1
3,12,1,1424,2,4,4,3,26,1
2,24,2,6568,2,3,2,2,21,1
1,12,2,1413,5,4,3,2,55,1
1,9,1,3074,1,3,1,2,33,1
1,36,2,3835,1,5,2,4,45,1
2,27,4,5293,2,1,2,4,50,2
4,30,0,1908,2,5,4,4,66,2
1,36,1,3342,1,5,4,2,51,1
3,6,1,932,1,4,1,3,39,1
2,18,4,3104,2,4,3,1,31,1
4,36,2,3913,2,3,2,2,23,1
2,24,2,3021,2,3,2,2,24,1
1,10,2,1364,2,3,2,4,64,1
3,12,2,625,2,2,4,1,26,1
2,12,2,1200,1,3,4,4,23,1
1,12,2,707,2,3,4,2,30,1
1,24,0,2978,1,3,4,4,32,1
1,15,2,4657,2,3,3,2,30,1
1,36,4,2613,2,3,4,2,27,1
3,48,2,10961,5,4,1,2,27,2
2,12,2,7865,2,5,4,4,53,2
1,9,2,1478,2,4,4,2,22,2
2,24,2,3149,2,2,4,1,22,1
4,36,2,4210,2,3,4,2,26,2
1,9,2,2507,4,5,2,4,51,1
1,12,2,2141,3,4,3,1,35,1
3,18,2,866,2,3,4,2,25,1
1,4,1,1544,2,4,2,1,42,1
2,24,2,1823,2,1,4,2,30,2
3,6,2,14555,1,1,1,2,23,2
3,21,2,2767,3,5,4,2,61,2
1,12,1,1291,2,3,4,2,35,1
2,30,2,2522,2,5,1,3,39,1
2,24,2,915,1,5,4,2,29,2
1,6,2,1595,2,4,3,2,51,1
2,48,4,4605,2,5,3,4,24,2
1,12,1,1185,2,3,3,2,27,1
1,12,3,3447,4,3,4,3,35,1
1,24,2,1258,2,4,4,1,25,1
1,12,1,717,2,5,4,4,52,1
1,6,4,1204,3,3,4,1,35,1
4,24,2,1925,2,3,2,2,26,1
1,18,2,433,2,1,3,4,22,2
2,6,1,666,5,4,3,4,39,1
4,12,2,2251,2,3,1,2,46,1
3,30,2,2150,2,3,4,2,24,2
1,24,0,4151,3,3,2,3,35,1
3,9,2,2030,1,4,2,1,24,1
3,60,0,7418,1,3,1,1,27,1
1,24,1,2684,2,3,4,2,35,1
2,12,3,2149,2,3,4,1,29,2
1,15,2,3812,3,2,1,4,23,1
1,11,1,1154,3,1,4,4,57,1
2,12,2,1657,2,3,2,2,27,1
2,24,2,1603,2,5,4,4,55,1
2,18,1,5302,2,5,2,4,36,1
1,12,1,2748,2,5,2,4,57,1
1,10,1,1231,2,5,3,4,32,1
3,15,2,802,2,5,4,3,37,2
1,36,1,6304,1,5,4,4,36,1
1,24,2,1533,2,2,4,3,38,1
2,14,2,8978,2,5,1,4,45,2
1,24,2,999,1,5,4,2,25,1
1,18,2,2662,1,4,4,3,32,1
1,12,1,1402,4,4,3,4,37,1
3,48,3,12169,1,1,4,4,36,1
3,48,2,3060,2,4,4,4,28,2
2,30,2,11998,2,2,1,1,34,2
1,9,2,2697,2,3,1,2,32,1
1,18,1,2404,2,3,2,2,26,1
2,12,2,1262,1,5,2,4,49,1
1,6,2,4611,2,2,1,4,32,2
1,24,2,1901,3,3,4,4,29,1
1,15,1,3368,5,5,3,4,23,1
1,12,2,1574,2,3,4,2,50,1
4,18,3,1445,1,4,4,4,49,1
1,15,1,1520,1,5,4,4,63,1
3,24,1,3878,3,2,4,2,37,1
2,47,2,10722,2,2,1,1,35,1
2,48,2,4788,2,4,4,3,26,1
3,48,0,7582,3,1,2,4,31,1
3,12,2,1092,2,3,4,4,49,1
2,24,0,1024,2,2,4,4,48,2
1,12,2,1076,2,3,2,2,26,1
3,36,2,9398,2,2,1,4,28,2
2,24,1,6419,2,5,2,4,44,1
4,42,1,4796,2,5,4,4,56,1
1,48,1,7629,1,5,4,2,46,1
3,48,2,9960,2,2,1,2,26,2
1,12,2,4675,1,2,1,4,20,1
1,10,2,1287,1,5,4,2,45,1
1,18,2,2515,2,3,3,4,43,1
3,21,1,2745,5,4,3,2,32,1
1,6,2,672,2,1,1,4,54,1
3,36,4,3804,2,3,4,1,42,2
4,24,1,1344,1,4,4,2,37,2
2,10,1,1038,2,4,4,3,49,1
1,48,1,10127,4,3,2,2,44,2
1,6,2,1543,5,3,4,2,33,1
1,30,2,4811,1,4,2,4,24,1
2,12,2,727,3,2,4,3,33,2
3,8,2,1237,2,3,3,4,24,2
3,9,2,276,2,3,4,4,22,1
3,48,2,5381,1,1,3,4,40,1
1,24,2,5511,3,3,4,1,25,1
4,24,2,3749,2,2,2,4,26,1
3,12,2,685,2,4,2,3,25,2
4,4,2,1494,1,2,1,2,29,1
2,36,3,2746,2,5,4,4,31,2
2,12,2,708,2,3,2,3,38,1
3,24,2,4351,1,3,1,4,48,1
1,12,1,701,2,3,4,2,32,1
2,15,0,3643,2,5,1,4,27,1
3,30,1,4249,2,1,4,2,28,2
2,24,2,1938,2,2,4,3,32,2
2,24,2,2910,2,4,2,1,34,1
2,18,2,2659,5,3,4,2,28,1
1,18,1,1028,2,3,4,3,36,1
2,8,1,3398,2,4,1,4,39,1
1,12,1,5801,1,5,2,4,49,1
1,24,2,1525,5,4,4,3,34,1
4,36,2,4473,2,5,4,2,31,1
3,6,2,1068,2,5,4,4,28,1
2,24,1,6615,2,1,2,4,75,1
1,18,1,1864,3,3,4,2,30,2
3,60,2,7408,3,2,4,2,24,2
1,48,1,11590,3,3,2,4,24,2
2,24,4,4110,2,5,3,4,23,2
2,6,1,3384,2,3,1,4,44,2
3,13,2,2101,2,2,2,4,23,1
2,15,2,1275,1,3,4,2,24,2
2,24,2,4169,2,3,4,4,28,1
3,10,2,1521,2,3,4,2,31,1
3,24,1,5743,2,2,2,4,24,1
2,21,2,3599,2,4,1,4,26,1
3,18,2,3213,4,2,1,3,25,1
3,18,2,4439,2,5,1,1,33,1
4,10,2,3949,2,2,1,1,37,1
1,15,1,1459,2,3,4,2,43,1
3,13,1,882,2,2,4,4,23,1
3,24,2,3758,4,1,1,4,23,1
1,6,0,1743,3,3,1,2,34,1
3,9,1,1136,5,5,4,3,32,2
1,9,2,1236,2,2,1,4,23,1
3,9,2,959,2,3,1,2,29,2
1,18,1,3229,1,1,2,4,38,1
2,12,4,6199,2,3,4,2,28,2
1,10,2,727,4,5,4,4,46,1
3,24,2,1246,2,2,4,2,23,2
1,12,1,2331,1,5,1,4,49,1
1,36,0,4463,2,3,4,2,26,2
1,12,2,776,2,3,4,2,28,1
2,30,2,2406,2,4,4,4,23,2
3,18,2,1239,1,3,4,4,61,1
4,12,2,3399,1,5,2,3,37,1
4,12,0,2247,2,3,2,2,36,1
1,6,2,1766,2,3,1,2,21,1
2,18,2,2473,2,1,4,1,25,2
1,12,2,1542,2,4,2,4,36,1
1,18,1,3850,2,4,3,1,27,1
2,18,2,3650,2,2,1,4,22,1
2,36,2,3446,2,5,4,2,42,2
3,18,2,3001,2,4,2,4,40,1
1,36,2,3079,1,3,4,4,36,1
1,18,1,6070,2,5,3,4,33,1
1,10,1,2146,2,2,1,3,23,1
1,60,1,13756,1,5,2,4,63,1
3,60,3,14782,3,5,3,4,60,2
2,48,3,7685,2,4,2,4,37,2
1,18,0,2320,2,1,2,3,34,1
1,7,0,846,1,5,3,4,36,1
3,36,2,14318,2,5,4,2,57,2
1,6,1,362,3,3,4,4,52,1
2,20,2,2212,1,4,4,4,39,1
3,18,2,12976,2,1,3,4,38,2
1,22,2,1283,1,4,4,4,25,1
4,12,2,1330,2,2,4,1,26,1
1,30,0,4272,3,3,2,2,26,1
1,18,1,2238,2,3,2,1,25,1
1,18,2,1126,1,2,4,2,21,1
3,18,1,7374,2,1,4,4,40,1
3,15,1,2326,4,3,2,4,27,1
1,9,2,1449,2,4,3,2,27,1
1,18,2,1820,2,3,2,2,30,1
3,12,2,983,5,2,1,4,19,1
2,36,2,3249,2,4,2,4,39,1
2,6,1,1957,2,4,1,4,31,1
1,9,1,2406,2,1,2,3,31,1
3,39,0,11760,3,4,2,3,32,1
2,12,2,2578,2,1,3,4,55,1
2,36,1,2348,2,3,3,2,46,1
3,12,2,1223,2,5,1,1,46,2
1,24,1,1516,5,3,4,1,43,1
1,18,2,1473,2,2,3,4,39,1
3,18,1,1887,1,3,4,4,28,1
1,24,0,8648,2,2,2,2,27,2
1,14,0,802,2,3,4,2,27,1
3,18,0,2899,1,5,4,4,43,1
3,24,2,2039,2,2,1,1,22,2
1,24,1,2197,1,4,4,4,43,1
2,15,2,1053,2,2,4,2,27,1
1,24,2,3235,4,5,3,2,26,1
4,12,1,939,4,4,4,2,28,2
3,24,2,1967,2,5,4,4,20,1
1,33,1,7253,2,4,3,2,35,1
1,12,1,2292,2,1,4,2,42,2
1,10,2,1597,4,3,3,2,40,1
2,24,2,1381,1,3,4,2,35,2
1,36,1,5842,2,5,2,2,35,1
2,12,2,2579,2,2,4,1,33,2
2,18,0,8471,1,3,1,2,23,1
1,21,2,2782,4,4,1,2,31,1
3,18,2,1042,1,3,4,2,33,2
1,15,2,3186,5,4,2,3,20,1
3,12,2,2028,1,3,4,2,30,1
3,12,1,958,2,4,2,3,47,1
1,21,0,1591,3,4,4,3,34,1
3,12,2,2762,1,5,1,2,25,2
3,18,2,2779,2,3,1,3,21,1
1,28,1,2743,2,5,4,2,29,1
1,18,1,1149,5,3,4,3,46,1
1,9,2,1313,2,5,1,4,20,1
2,18,1,1190,2,1,2,4,55,2
1,5,2,3448,2,4,1,4,74,1
3,24,2,11328,2,3,2,3,29,2
2,6,1,1872,2,1,4,4,36,1
1,24,1,2058,2,3,4,2,33,1
2,9,2,2136,2,3,3,2,25,1
3,12,2,1484,1,3,2,1,25,2
1,6,2,660,4,4,2,4,23,1
1,24,1,1287,5,5,4,4,37,1
2,42,1,3394,2,1,4,4,65,1
4,12,3,609,2,2,4,1,26,2
1,12,2,1884,2,5,4,4,39,1
2,12,2,1620,2,3,2,3,30,1
3,20,0,2629,2,3,2,3,29,1
1,12,2,719,2,5,4,4,41,2
3,48,1,5096,2,3,2,3,30,2
1,9,1,1244,1,5,4,4,41,1
2,36,2,1842,2,2,4,4,34,2
3,7,2,2576,2,3,2,2,35,1
4,12,2,1424,1,5,3,4,55,1
3,15,0,1512,5,3,3,3,61,2
1,36,1,11054,1,3,4,2,30,1
1,6,2,518,2,3,3,1,29,1
1,12,4,2759,2,5,2,4,34,1
1,24,2,2670,2,5,4,4,35,1
2,24,2,4817,2,4,2,3,31,2
1,24,2,2679,2,2,4,1,29,1
2,11,1,3905,2,3,2,2,36,1
2,12,2,3386,2,5,3,4,35,2
2,6,2,343,2,2,4,1,27,1
1,18,2,4594,2,2,3,2,32,1
2,36,2,3620,2,3,1,2,37,1
2,15,2,1721,2,2,2,3,36,1
3,12,2,3017,2,2,3,1,34,1
3,12,2,754,1,5,4,4,38,1
1,18,2,1950,2,4,4,1,34,1
2,24,2,2924,2,3,3,4,63,1
2,24,0,1659,2,2,4,2,29,2
1,48,0,7238,1,5,3,3,32,1
1,33,0,2764,2,3,2,2,26,1
1,24,0,4679,2,4,3,3,35,1
3,24,2,3092,3,2,3,2,22,2
2,6,2,448,2,2,4,4,23,2
2,9,2,654,2,3,4,3,28,2
1,6,2,1238,1,1,4,4,36,1
3,18,1,1245,2,3,4,2,33,2
2,18,4,3114,2,2,1,4,26,2
1,39,2,2569,4,3,4,4,24,1
4,24,2,5152,2,4,4,2,25,1
3,12,2,1037,3,4,3,4,39,1
2,15,1,1478,2,5,4,4,44,1
3,12,1,3573,2,3,1,1,23,1
3,24,2,1201,2,2,4,1,26,1
2,30,2,3622,5,5,4,4,57,1
1,15,0,960,5,4,3,2,30,1
1,12,1,1163,4,3,4,4,44,1
3,6,0,1209,2,1,4,4,47,2
1,12,2,3077,2,3,2,4,52,1
1,24,2,3757,2,5,4,4,62,1
1,10,2,1418,3,3,3,2,35,1
1,6,2,3518,2,3,2,3,26,1
1,12,1,1934,2,5,2,2,26,1
3,27,4,8318,2,5,2,4,42,2
1,6,1,1237,3,3,1,1,27,1
3,6,2,368,1,5,4,4,38,1
2,12,1,2122,2,3,3,2,39,1
2,24,2,2996,1,3,2,4,20,2
3,36,2,9034,3,2,4,1,29,2
1,24,1,1585,2,4,4,3,40,1
3,18,2,1301,2,5,4,2,32,1
4,6,1,1323,3,5,2,4,28,1
2,24,2,3123,2,2,4,1,27,2
2,36,2,5493,2,5,2,4,42,1
4,9,2,1126,3,5,2,4,49,1
3,24,1,1216,3,2,4,4,38,2
2,24,2,1207,2,2,4,4,24,2
1,10,2,1309,1,3,4,4,27,2
4,15,1,2360,4,3,2,2,36,1
3,15,3,6850,3,1,1,2,34,2
1,24,2,1413,2,3,4,2,28,1
1,39,2,8588,3,5,4,2,45,1
2,12,2,759,2,4,4,2,26,2
1,36,2,4686,2,3,2,2,32,1
4,15,2,2687,2,4,2,4,26,1
3,12,0,585,2,3,4,4,20,1
1,24,2,2255,1,2,4,1,54,1
2,6,1,609,2,4,4,3,37,1
2,6,1,1361,2,2,2,4,40,1
1,36,1,7127,2,2,2,4,23,2
2,6,2,1203,3,5,3,2,43,1
1,6,1,700,1,5,4,4,36,1
1,24,1,5507,2,5,3,4,44,1
2,18,2,3190,2,3,2,2,24,2
2,48,4,7119,2,3,3,4,53,2
1,24,2,3488,3,4,3,4,23,1
3,18,2,1113,2,3,4,4,26,1
3,26,2,7966,2,2,2,3,30,1
1,15,1,1532,3,3,4,3,31,1
1,4,1,1503,2,4,2,1,42,1
2,36,2,2302,2,3,4,4,31,2
2,6,2,662,2,2,3,4,41,1
3,36,2,2273,2,4,3,1,32,1
3,15,2,2631,3,3,2,4,28,2
1,12,0,1503,2,3,4,4,41,1
1,24,2,1311,3,4,4,3,26,1
1,24,2,3105,1,2,4,2,25,1
4,21,1,2319,2,2,2,1,33,2
2,6,2,1374,1,1,4,3,75,1
3,18,1,3612,2,5,3,4,37,1
2,48,2,7763,2,5,4,4,42,2
4,18,2,3049,2,2,1,1,45,1
3,12,2,1534,2,2,1,1,23,2
1,24,0,2032,2,5,4,4,60,1
2,30,2,6350,1,5,4,4,31,2
4,18,2,2864,2,3,2,1,34,2
1,12,1,1255,2,5,4,4,61,1
2,24,0,1333,2,1,4,2,43,2
1,24,1,2022,2,3,4,4,37,1
1,24,2,1552,2,4,3,1,32,1
2,12,3,626,2,3,4,4,24,2
1,48,1,8858,1,4,2,1,35,1
1,12,1,996,1,4,4,4,23,1
1,6,3,1750,4,5,2,4,45,1
2,48,2,6999,2,4,1,1,34,2
3,12,1,1995,3,2,4,1,27,1
3,9,2,1199,2,4,4,4,67,1
3,12,2,1331,2,2,2,1,22,2
3,18,4,2278,3,2,3,3,28,2
1,21,4,5003,1,3,1,4,29,2
2,24,3,3552,2,4,3,4,27,2
3,18,1,1928,2,2,2,2,31,2
2,24,2,2964,1,5,4,4,49,1
2,24,3,1546,2,4,4,4,24,2
4,6,0,683,2,2,2,1,29,1
3,36,2,12389,1,3,1,4,37,2
3,24,0,4712,1,3,4,2,37,1
3,24,0,1553,3,4,3,2,23,1
2,12,2,1372,2,4,2,3,36,2
1,24,1,2578,5,5,2,2,34,1
3,48,2,3979,1,4,4,1,41,1
2,48,2,6758,2,3,3,2,31,2
2,24,2,3234,2,2,4,4,23,2
1,30,1,5954,2,4,3,2,38,1
1,24,2,5433,1,1,2,4,26,1
2,15,2,806,2,3,4,4,22,1
3,9,2,1082,2,5,4,4,27,1
1,15,1,2788,2,4,2,3,24,1
3,12,2,2930,2,4,2,1,27,1
1,24,1,1927,1,3,3,2,33,1
3,36,1,2820,2,2,4,4,27,2
1,24,2,937,2,2,4,3,27,1
3,18,1,1056,2,5,3,3,30,2
3,12,1,3124,2,2,1,3,49,1
1,9,2,1388,2,3,4,2,26,1
3,36,2,2384,2,2,4,1,33,2
1,12,2,2133,1,5,4,4,52,1
2,18,2,2039,2,3,1,4,20,2
2,9,1,2799,2,3,2,2,36,1
2,12,2,1289,2,3,4,1,21,1
2,18,2,1217,2,3,4,3,47,2
2,12,1,2246,2,5,3,3,60,2
2,12,1,385,2,4,4,3,58,1
3,24,0,1965,1,3,4,4,42,1
1,21,2,1572,5,5,4,4,36,1
3,24,2,2718,2,3,3,4,20,2
2,24,3,1358,1,5,4,3,40,2
3,6,3,931,3,2,1,1,32,2
2,24,2,1442,2,4,4,4,23,2
3,24,4,4241,2,3,1,4,36,2
1,18,1,2775,2,4,2,2,31,2
1,24,0,3863,2,3,1,2,32,1
3,7,2,2329,2,2,1,1,45,1
3,9,2,918,2,3,4,1,30,2
3,24,3,1837,2,4,4,4,34,2
1,36,2,3349,2,3,4,2,28,2
4,10,2,1275,2,2,4,2,23,1
2,24,3,2828,4,3,4,4,22,1
1,24,1,4526,2,3,3,2,74,1
3,36,2,2671,3,3,4,4,50,2
1,18,2,2051,2,2,4,1,33,1
1,15,2,1300,1,5,4,4,45,1
2,12,2,741,3,1,4,3,22,2
4,10,2,1240,3,5,1,4,48,2
2,21,2,3357,5,2,4,2,29,1
2,24,3,3632,2,3,1,4,22,1
1,18,0,1808,2,4,4,1,22,2
3,48,4,12204,1,3,2,2,48,1
3,60,0,9157,1,3,2,2,27,1
2,6,1,3676,2,3,1,3,37,1
3,30,2,3441,3,3,2,4,21,2
1,12,2,640,2,3,4,2,49,1
3,21,1,3652,2,4,2,3,27,1
1,18,1,1530,2,3,3,2,32,2
1,48,2,3914,1,3,4,2,38,2
2,12,2,1858,2,2,4,1,22,1
2,18,2,2600,2,3,4,4,65,2
1,15,2,1979,1,5,4,2,35,1
4,6,2,2116,2,3,2,2,41,1
3,9,3,1437,3,4,2,3,29,2
1,42,1,4042,4,3,4,4,36,1
1,9,2,3832,1,5,1,4,64,1
2,24,2,3660,2,3,2,4,28,1
2,18,3,1553,2,3,4,3,44,2
3,15,2,1444,1,2,4,1,23,1
1,9,2,1980,2,2,2,2,19,2
3,24,2,1355,2,2,3,4,25,2
1,12,2,1393,2,5,4,4,47,1
1,24,2,1376,4,4,4,1,28,1
1,60,0,15653,2,4,2,4,21,1
1,12,2,1493,2,2,4,3,34,1
2,42,0,4370,2,4,3,2,26,2
2,18,2,750,2,1,4,1,27,2
3,15,2,1308,2,5,4,4,38,1
1,15,2,4623,3,3,3,2,40,2
1,24,1,1851,2,4,4,2,33,1
2,18,1,1880,2,4,4,1,32,1
1,36,0,7980,1,2,4,4,27,2
2,30,4,4583,2,3,2,2,32,1
1,12,2,1386,4,3,2,2,26,2
4,24,2,947,2,4,4,3,38,2
2,12,2,684,2,3,4,4,40,2
2,48,2,7476,2,4,4,1,50,1
3,12,2,1922,2,3,4,2,37,2
2,24,2,2303,2,5,4,1,45,2
3,36,0,8086,3,5,2,4,42,2
1,24,1,2346,2,4,4,3,35,1
2,14,2,3973,2,1,1,4,22,1
3,12,2,888,2,5,4,4,41,2
1,48,2,10222,1,4,4,3,37,1
3,30,4,4221,2,3,2,1,28,1
3,18,1,6361,2,5,2,1,41,1
4,12,2,1297,2,3,3,4,23,1
2,12,2,900,1,3,4,2,23,2
1,21,2,2241,2,5,4,2,50,1
3,6,0,1050,2,1,4,1,35,1
4,6,1,1047,2,3,2,4,50,1
1,24,1,6314,2,1,4,2,27,1
3,30,3,3496,5,3,4,2,34,1
1,48,3,3609,2,3,1,1,27,1
2,12,1,4843,2,5,3,4,43,2
4,30,1,3017,2,5,4,4,47,1
1,24,1,4139,3,3,3,3,27,1
1,36,2,5742,3,4,2,2,31,1
1,60,2,10366,2,5,2,4,42,1
1,6,1,2080,4,3,1,2,24,1
1,21,0,2580,4,2,4,2,41,2
1,30,1,4530,2,4,4,4,26,1
1,24,1,5150,2,5,4,4,33,1
3,72,2,5595,3,3,2,2,24,2
2,24,2,2384,2,5,4,4,64,1
1,18,2,1453,2,2,3,1,26,1
1,6,2,1538,2,2,1,2,56,1
1,12,2,2279,1,3,4,4,37,1
1,15,0,1478,2,3,4,3,33,1
1,24,1,5103,2,2,3,3,47,1
3,36,0,9857,3,4,1,3,31,1
1,60,2,6527,1,3,4,4,34,1
4,10,1,1347,1,4,4,2,27,1
3,36,0,2862,3,5,4,3,30,1
1,9,2,2753,3,5,3,4,35,1
2,12,2,3651,5,3,1,3,31,1
2,15,1,975,2,3,2,3,25,1
3,15,2,2631,3,3,3,2,25,1
3,24,2,2896,3,2,2,1,29,1
2,6,1,4716,1,2,1,3,44,1
1,24,2,2284,2,4,4,2,28,1
1,6,2,1236,4,3,2,4,50,1
3,12,2,1103,2,4,4,3,29,1
1,12,1,926,2,1,1,2,38,1
1,18,1,1800,2,3,4,2,24,1
4,15,2,1905,2,5,4,4,40,1
1,12,2,1123,4,3,4,4,29,2
2,48,1,6331,2,5,4,4,46,2
4,24,2,1377,3,5,4,2,47,1
3,30,0,2503,3,5,4,2,41,1
3,27,2,2528,2,2,4,1,32,1
1,15,2,5324,4,5,1,4,35,1
3,48,2,6560,3,4,3,2,24,2
3,12,4,2969,2,2,4,3,25,2
3,9,2,1206,2,5,4,4,25,1
3,9,2,2118,2,3,2,2,37,1
1,18,1,629,4,5,4,3,32,1
2,6,3,1198,2,5,4,4,35,2
1,21,2,2476,1,5,4,4,46,1
2,9,1,1138,2,3,4,4,25,1
3,60,2,14027,2,4,4,2,27,2
1,30,1,7596,1,5,1,4,63,1
1,30,1,3077,1,5,3,2,40,1
1,18,2,1505,2,3,4,2,32,1
4,24,1,3148,1,3,3,2,31,1
3,20,4,6148,3,5,3,4,31,1
4,9,4,1337,2,2,4,2,34,2
3,6,3,433,5,2,4,2,24,2
2,12,2,1228,2,3,4,2,24,2
3,9,2,790,4,3,4,3,66,1
1,27,2,2570,2,3,3,3,21,2
1,6,1,250,5,3,2,2,41,1
1,15,1,1316,4,3,2,2,47,1
2,18,2,1882,2,3,4,4,25,2
3,48,3,6416,2,5,4,3,59,2
4,24,1,1275,5,3,2,4,36,1
3,24,0,6403,2,2,1,2,33,1
2,24,2,1987,2,3,2,4,21,2
3,8,2,760,2,4,4,2,44,1
1,24,2,2603,5,3,2,4,28,1
1,4,1,3380,2,4,1,1,37,1
3,36,3,3990,1,2,3,2,29,1
3,24,2,11560,2,3,1,4,23,2
2,18,2,4380,3,3,3,4,35,1
1,6,1,6761,2,4,1,3,45,1
3,30,4,4280,3,3,4,4,26,2
2,24,3,2325,3,4,2,3,32,1
3,10,3,1048,2,3,4,4,23,1
1,21,2,3160,1,5,4,3,41,1
2,24,3,2483,4,3,4,4,22,1
2,39,1,14179,1,4,4,4,30,1
2,13,1,1797,2,2,3,1,28,1
2,15,2,2511,2,1,1,4,23,1
2,12,2,1274,2,2,3,1,37,2
1,21,2,5248,1,3,1,3,26,1
1,15,2,3029,2,4,2,2,33,1
2,6,2,428,2,5,2,1,49,1
2,18,2,976,2,2,1,2,23,2
3,12,2,841,3,4,2,4,23,1
1,30,1,5771,2,4,4,2,25,1
1,12,0,1555,5,5,4,4,55,2
2,24,2,1285,1,4,4,4,32,2
4,6,1,1299,2,3,1,1,74,1
4,15,1,1271,1,3,3,4,39,2
1,24,2,1393,2,3,2,2,31,1
2,12,1,691,2,5,4,3,35,2
1,15,1,5045,1,5,1,4,59,1
2,18,1,2124,2,3,4,4,24,2
2,12,2,2214,2,3,4,3,24,1
1,21,1,12680,1,5,4,4,30,2
1,24,1,2463,3,4,4,3,27,1
3,12,2,1155,2,5,3,3,40,1
2,30,2,3108,2,2,2,4,31,2
1,10,2,2901,1,2,1,4,31,1
3,12,1,3617,2,5,1,4,28,1
1,12,1,1655,2,5,2,4,63,1
2,24,2,2812,1,5,2,4,26,1
2,36,1,8065,2,3,3,2,25,2
1,21,1,3275,2,5,1,4,36,1
1,24,1,2223,3,5,4,4,52,1
4,12,1,1480,4,1,2,4,66,1
2,24,2,1371,1,3,4,4,25,2
1,36,1,3535,2,4,4,4,37,1
2,18,2,3509,2,4,4,1,25,1
1,36,1,5711,5,5,4,2,38,1
3,18,2,3872,2,1,2,4,67,1
3,39,1,4933,2,4,2,2,25,2
1,24,1,1940,5,5,4,4,60,1
3,12,4,1410,2,3,2,2,31,1
3,12,2,836,3,2,4,2,23,2
3,20,2,6468,1,1,1,4,60,1
3,18,2,1941,5,3,4,2,35,1
1,22,2,2675,4,5,3,4,40,1
1,48,1,2751,1,5,4,3,38,1
3,48,0,6224,2,5,4,4,50,2
2,40,1,5998,2,3,4,3,27,2
3,21,2,1188,2,5,2,4,39,2
1,24,2,6313,1,5,3,4,41,1
1,6,1,1221,1,3,1,2,27,1
4,24,2,2892,2,5,3,4,51,1
1,24,2,3062,4,5,4,3,32,1
1,9,2,2301,3,2,2,4,22,1
2,18,2,7511,1,5,1,4,51,2
1,12,1,1258,2,2,2,4,22,1
1,24,0,717,1,5,4,4,54,1
3,9,2,1549,1,2,4,2,35,1
1,24,1,1597,2,5,4,4,54,1
3,18,1,1795,2,5,3,4,48,1
2,20,1,4272,2,5,1,4,24,1
1,12,1,976,1,5,4,4,35,1
3,12,2,7472,1,1,1,2,24,1
2,36,2,9271,2,4,2,1,24,2
3,6,2,590,2,2,3,3,26,1
1,12,1,930,1,5,4,4,65,1
3,42,3,9283,2,1,1,2,55,1
3,15,4,1778,2,2,2,1,26,2
3,8,2,907,2,2,3,2,26,1
3,6,2,484,2,4,3,3,28,1
2,36,1,9629,2,4,4,4,24,2
2,48,2,3051,2,3,3,4,54,2
2,48,2,3931,2,4,4,4,46,2
3,36,0,7432,2,3,2,2,54,1
1,6,2,1338,4,3,1,4,62,1
1,6,1,1554,2,4,1,2,24,1
2,36,2,15857,2,1,2,3,43,1
2,18,2,1345,2,3,4,3,26,2
1,12,2,1101,2,3,3,2,27,1
4,12,2,3016,2,3,3,1,24,1
2,36,2,2712,2,5,2,2,41,2
2,8,1,731,2,5,4,4,47,1
1,18,1,3780,2,2,3,2,35,1
2,21,1,1602,2,5,4,3,30,1
2,18,1,3966,2,5,1,4,33,2
1,18,4,4165,2,3,2,2,36,2
2,36,2,8335,1,5,3,4,47,2
3,48,0,6681,1,3,4,4,38,1
1,24,0,2375,4,3,4,2,44,1
2,18,2,1216,2,2,4,3,23,2
2,45,4,11816,2,5,2,4,29,2
3,24,2,5084,1,5,2,4,42,1
4,15,2,2327,2,2,2,3,25,2
2,12,4,1082,2,3,4,4,48,2
1,12,2,886,1,3,4,2,21,1
1,4,2,601,2,2,1,3,23,1
2,24,1,2957,2,5,4,4,63,1
1,24,1,2611,2,5,4,3,46,1
2,36,2,5179,2,4,4,2,29,2
1,21,0,2993,2,3,3,2,28,1
1,18,2,1943,2,2,4,4,23,2
1,24,3,1559,2,4,4,4,50,1
1,18,2,3422,2,5,4,4,47,1
3,21,2,3976,1,4,2,3,35,1
1,18,2,6761,1,3,2,4,68,2
1,24,2,1249,2,2,4,2,28,1
2,9,2,1364,2,4,3,4,59,1
2,12,2,709,2,5,4,4,57,2
2,20,1,2235,2,3,4,2,33,2
1,24,1,4042,1,4,3,4,43,1
1,15,1,1471,2,3,4,4,35,1
2,18,3,1442,2,4,4,4,32,2
1,36,0,10875,2,5,2,2,45,1
1,24,2,1474,3,2,4,3,33,1
1,10,2,894,1,4,4,3,40,1
1,15,1,3343,2,3,4,2,28,1
2,15,2,3959,2,3,3,2,29,2
1,9,2,3577,3,3,1,2,26,1
1,24,1,5804,5,3,4,2,27,1
1,18,0,2169,2,3,4,2,28,2
2,24,2,2439,2,2,4,4,35,2
1,27,1,4526,5,2,4,2,32,1
1,10,2,2210,2,3,2,2,25,2
1,15,2,2221,4,3,2,4,20,1
2,18,2,2389,2,2,4,1,27,1
1,12,1,3331,2,5,2,4,42,1
1,36,2,7409,1,5,3,2,37,1
2,12,2,652,2,5,4,4,24,1
1,36,0,7678,4,4,2,4,40,1
4,6,1,1343,2,5,1,4,46,1
2,24,1,1382,3,4,4,1,26,1
1,15,2,874,1,2,4,1,24,1
2,12,2,3590,2,3,2,2,29,1
3,11,1,1322,5,3,4,4,40,1
2,18,3,1940,2,2,3,4,36,1
1,36,2,3595,2,5,4,2,28,1
2,9,2,1422,2,2,3,2,27,2
1,30,1,6742,1,4,2,3,36,1
1,24,2,7814,2,4,3,3,38,1
1,24,2,9277,1,3,2,4,48,1
3,30,1,2181,1,5,4,4,36,1
1,18,1,1098,2,1,4,4,65,1
3,24,2,4057,2,4,3,3,43,2
2,12,2,795,2,2,4,4,53,2
3,24,1,2825,1,4,4,3,34,1
3,48,2,15672,2,3,2,2,23,2
1,36,1,6614,2,5,4,4,34,1
1,28,3,7824,1,2,3,4,40,1
2,27,1,2442,2,5,4,4,43,1
1,15,1,1829,2,5,4,4,46,1
2,12,1,2171,2,3,4,4,38,1
3,36,1,5800,2,3,3,4,34,1
1,18,1,1169,1,3,4,3,29,1
1,36,0,8947,1,4,3,2,31,1
2,21,2,2606,2,2,4,4,28,1
1,12,1,1592,5,4,3,2,35,1
1,15,2,2186,1,4,1,4,33,1
2,18,2,4153,2,3,2,3,42,2
2,16,1,2625,2,5,2,4,43,2
1,20,1,3485,1,2,2,4,44,1
1,36,1,10477,1,5,2,4,42,1
1,15,2,1386,1,3,4,2,40,1
1,24,2,1278,2,5,4,1,36,1
2,12,2,1107,2,3,2,2,20,1
2,21,2,3763,1,4,2,2,24,1
3,36,2,3711,1,3,2,2,27,1
1,15,0,3594,2,2,1,2,46,1
3,9,2,3195,1,3,1,2,33,1
1,36,0,4454,2,3,4,4,34,1
3,24,1,4736,2,2,2,4,25,2
3,30,2,2991,1,5,2,4,25,1
1,11,2,2142,5,5,1,2,28,1
2,24,3,3161,2,3,4,2,31,2
3,48,4,18424,2,3,1,2,32,2
1,10,2,2848,3,3,1,2,32,1
2,6,2,14896,2,5,1,4,68,2
2,24,2,2359,3,1,1,1,33,2
2,24,2,3345,2,5,4,2,39,2
1,18,1,1817,2,3,4,2,28,1
1,48,0,12749,4,4,4,1,37,1
2,9,2,1366,2,2,3,4,22,2
3,12,2,2002,2,4,3,4,30,1
2,24,3,6872,2,2,2,1,55,2
2,12,3,697,2,2,4,2,46,2
2,18,1,1049,2,2,4,4,21,1
2,48,2,10297,2,4,4,4,39,2
1,30,2,1867,1,5,4,4,58,1
2,12,0,1344,2,3,4,2,43,1
2,24,2,1747,2,2,4,1,24,1
3,9,2,1670,2,2,4,2,22,2
1,9,1,1224,2,3,3,1,30,1
1,12,1,522,4,5,4,4,42,1
2,12,2,1498,2,3,4,1,23,1
3,30,0,1919,3,2,4,3,30,2
4,9,2,745,2,3,3,2,28,2
3,6,2,2063,2,2,4,3,30,1
3,60,2,6288,2,3,4,4,42,2
1,24,1,6842,1,3,2,4,46,1
1,12,2,3527,1,2,2,3,45,1
1,10,2,1546,2,3,3,2,31,1
1,24,2,929,1,4,4,2,31,1
1,4,1,1455,2,4,2,1,42,1
2,15,2,1845,2,2,4,1,46,1
3,48,4,8358,4,2,1,1,30,1
2,24,3,3349,4,2,4,4,30,2
1,12,2,2859,1,1,4,4,38,1
1,18,2,1533,2,2,4,1,43,2
1,24,2,3621,3,5,2,4,31,2
3,18,1,3590,2,1,3,3,40,1
2,36,0,2145,2,4,2,1,24,2
3,24,2,4113,4,2,3,4,28,2
1,36,2,10974,2,1,4,2,26,2
2,12,2,1893,2,3,4,4,29,1
2,24,1,1231,5,5,4,4,57,1
4,30,1,3656,1,5,4,4,49,1
3,9,1,1154,2,5,2,4,37,1
2,28,2,4006,2,3,3,2,45,2
3,24,2,3069,3,5,4,4,30,1
1,6,1,1740,2,5,2,2,30,1
3,21,0,2353,2,3,1,4,47,1
1,15,2,3556,1,3,3,2,29,1
1,24,2,2397,4,5,3,2,35,2
3,6,2,454,2,2,3,1,22,1
3,30,2,1715,1,3,4,1,26,1
3,27,1,2520,4,3,4,2,23,2
1,15,2,3568,2,5,4,2,54,1
1,42,2,7166,1,4,2,4,29,1
2,11,1,3939,2,3,1,2,40,1
3,15,2,1514,3,3,4,2,22,1
1,24,2,7393,2,3,1,4,43,1
2,24,3,1193,2,1,1,4,29,2
2,60,2,7297,2,5,4,4,36,2
1,30,1,2831,2,3,4,2,33,1
4,24,2,1258,4,3,3,3,57,1
3,6,2,753,2,3,2,3,64,1
3,18,0,2427,1,5,4,2,42,1
1,24,0,2538,2,5,4,4,47,2
3,15,3,1264,3,3,2,2,25,2
3,30,1,8386,2,4,2,2,49,2
1,48,2,4844,2,1,3,2,33,2
4,21,2,2923,3,3,1,1,28,1
2,36,2,8229,2,3,2,2,26,2
1,24,1,2028,2,4,2,2,30,1
2,15,1,1433,2,3,4,3,25,1
4,42,4,6289,2,2,2,1,33,1
1,13,2,1409,3,1,2,4,64,1
2,24,2,6579,2,1,4,2,29,1
3,24,1,1743,2,5,4,2,48,1
1,12,1,3565,1,2,2,1,37,1
1,15,3,1569,3,5,4,4,34,1
2,18,2,1936,1,4,2,4,23,1
2,36,2,3959,2,1,4,3,30,1
1,12,2,2390,1,5,4,3,50,1
1,12,2,1736,2,4,3,4,31,1
2,30,2,3857,2,3,4,4,40,1
1,12,2,804,2,5,4,4,38,1
2,45,2,1845,2,3,4,4,23,2
3,45,1,4576,3,1,3,4,27,1